{
    "sceneName": "Test.pda",
    "gameObjects": [
        {
            "name": "Directional Light",
            "loadAsync": false,
            "transform": {
                "position": [
                    97.64006042480469,
                    321.01153564453125,
                    0.0
                ],
                "rotation": [
                    0.0,
                    -0.0,
                    0.0
                ],
                "scale": [
                    1.0,
                    1.0,
                    1.0
                ]
            },
            "light": {
                "index": 0,
                "position": [
                    97.64006042480469,
                    321.01153564453125,
                    0.0
                ],
                "diffuse": [
                    1.0,
                    1.0,
                    1.0
                ],
                "specular": [
                    1.0,
                    1.0,
                    1.0
                ],
                "atten": [
                    0.5,
                    0.5,
                    0.5
                ],
                "direction": [
                    0.0,
                    -0.5,
                    0.0
                ],
                "param1": [
                    2.0,
                    0.0,
                    0.0
                ],
                "param2": [
                    1.0
                ]
            },
            "children": []
        },
        {
            "name": "Pistol",
            "loadAsync": false,
            "transform": {
                "position": [
                    -41.74060821533203,
                    3.2176270484924316,
                    -13.295029640197754
                ],
                "rotation": [
                    1.6029744148254395,
                    1.5416085720062256,
                    -3.141488552093506
                ],
                "scale": [
                    10.000004768371582,
                    9.999999046325684,
                    10.00000286102295
                ]
            },
            "mesh": {
                "fileName": "Gun.fbx",
                "friendlyName": "Gun.fbx",
                "bIsWireframe": false,
                "bDoNotLight": false,
                "bIsVisible": true,
                "bUseDebugColours": false,
                "wholeObjectDebugColourRGBA": [
                    1.0,
                    1.0,
                    1.0,
                    1.0
                ],
                "color": [
                    1.0,
                    1.0,
                    1.0,
                    1.0
                ],
                "isSkyBox": false,
                "hasVertexColors": false,
                "isReflective": false,
                "useBone": false,
                "texture": [
                    "Beholder_Base_color.bmp",
                    "",
                    "",
                    ""
                ],
                "textureRatio": [
                    1.0,
                    1.0,
                    1.0,
                    1.0
                ],
                "maskTexture": "",
                "normalMap": "",
                "enableShadow": true,
                "isDynamicLOD": false
            },
            "children": []
        },
        {
            "name": "Soldier",
            "loadAsync": false,
            "transform": {
                "position": [
                    0.0,
                    0.0,
                    0.0
                ],
                "rotation": [
                    -3.141592502593994,
                    1.3345928192138672,
                    -3.141592502593994
                ],
                "scale": [
                    0.4150925576686859,
                    0.4150926172733307,
                    0.4150925576686859
                ]
            },
            "mesh": {
                "fileName": "Swat.dae",
                "friendlyName": "Swat",
                "bIsWireframe": false,
                "bDoNotLight": false,
                "bIsVisible": true,
                "bUseDebugColours": false,
                "wholeObjectDebugColourRGBA": [
                    1.0,
                    1.0,
                    1.0,
                    1.0
                ],
                "color": [
                    1.0,
                    1.0,
                    1.0,
                    1.0
                ],
                "isSkyBox": false,
                "hasVertexColors": false,
                "isReflective": false,
                "useBone": true,
                "texture": [
                    "Beholder_Base_color.bmp",
                    "",
                    "",
                    ""
                ],
                "textureRatio": [
                    1.0,
                    1.0,
                    1.0,
                    1.0
                ],
                "maskTexture": "",
                "normalMap": "",
                "enableShadow": true,
                "isDynamicLOD": false
            },
            "characterController": {
                "height": 48.5,
                "radius": 18.399999618530273,
                "position": [
                    0.0,
                    39.0,
                    0.0
                ]
            },
            "children": []
        },
        {
            "name": "Vehicle",
            "loadAsync": false,
            "transform": {
                "position": [
                    60.221168518066406,
                    83.73412322998047,
                    127.15239715576172
                ],
                "rotation": [
                    -1.600000023841858,
                    0.0,
                    0.0
                ],
                "scale": [
                    18.0,
                    17.999988555908203,
                    17.999988555908203
                ]
            },
            "mesh": {
                "fileName": "monsterBody.fbx",
                "friendlyName": "monsterBody.fbx",
                "bIsWireframe": false,
                "bDoNotLight": false,
                "bIsVisible": true,
                "bUseDebugColours": false,
                "wholeObjectDebugColourRGBA": [
                    1.0,
                    1.0,
                    1.0,
                    1.0
                ],
                "color": [
                    1.0,
                    1.0,
                    1.0,
                    1.0
                ],
                "isSkyBox": false,
                "hasVertexColors": false,
                "isReflective": false,
                "useBone": false,
                "texture": [
                    "Beholder_Base_color.bmp",
                    "",
                    "",
                    ""
                ],
                "textureRatio": [
                    1.0,
                    0.0,
                    1.0,
                    1.0
                ],
                "maskTexture": "",
                "normalMap": "",
                "enableShadow": true,
                "isDynamicLOD": false
            },
            "children": []
        },
        {
            "name": "Ground",
            "loadAsync": true,
            "transform": {
                "position": [
                    0.0,
                    0.0,
                    0.0
                ],
                "rotation": [
                    0.0,
                    -0.0,
                    0.0
                ],
                "scale": [
                    7300.4921875,
                    1.0,
                    13860.24609375
                ]
            },
            "mesh": {
                "fileName": "Cube_1x1x1_xyz_n_rgba.ply",
                "friendlyName": "Cube_1x1x1_xyz_n_rgba.ply",
                "bIsWireframe": false,
                "bDoNotLight": false,
                "bIsVisible": true,