{
    "sceneName": "Test.pda",
    "gameObjects": [
        {
            "name": "Directional Light",
            "loadAsync": false,
            "transform": {
                "position": [
                    97.64006042480469,
                    321.01153564453125,
                    0.0
                ],
                "rotation": [
                    0.0,
                    -0.0,
                    0.0
                ],
                "scale": [
                    1.0,
                    1.0,
                    1.0
                ]
            },
            "light": {
                "index": 0,
                "position": [
                    97.64006042480469,
                    321.01153564453125,
                    0.0
                ],
                "diffuse": [
                    1.0,
                    1.0,
                    1.0
                ],
                "specular": [
                    1.0,
                    1.0,
                    1.0
                ],
                "atten": [
                    0.5,
                    0.5,
                    0.5
                ],
                "direction": [
                    0.0,
                    -0.5,
                    0.0
                ],
                "param1": [
                    2.0,
                    0.0,
                    0.0
                ],
                "param2": [
                    1.0
                ]
            },
            "children": []
        },
        {
            "name": "Pistol",
            "loadAsync": false,
            "transform": {
                "position": [
                    -41.74060821533203,
                    3.2176270484924316,
                    -13.295029640197754
                ],
                "rotation": [
                    1.6029744148254395,
                    1.5416085720062256,
                    -3.141488552093506
                ],
                "scale": [
                    10.000004768371582,
                    9.999999046325684,
                    10.00000286102295
                ]
            },
            "mesh": {
                "fileName": "Gun.fbx",
                "friendlyName": "Gun.fbx",
                "bIsWireframe": false,
                "bDoNotLight": false,
                "bIsVisible": true,
                "bUseDebugColours": false,
                "wholeObjectDebugColourRGBA": [
                    1.0,
                    1.0,
                    1.0,
                    1.0
                ],
                "color": [
                    1.0,
                    1.0,
                    1.0,
                    1.0
                ],
                "isSkyBox": false,
                "hasVertexColors": false,
                "isReflective": false,
                "useBone": false,
                "texture": [
                    "Beholder_Base_color.bmp",
                    "",
                    "",
                    ""
                ],
                "textureRatio": [
                    1.0,
                    1.0,
                    1.0,
                    1.0
                ],
                "maskTexture": "",
                "normalMap": "",
                "enableShadow": true,
                "isDynamicLOD": false
            },
            "children": []
        },
        {
            "name": "Soldier",
            "loadAsync": false,
            "transform": {
                "position": [
                    0.0,
                    0.499991774559021,
                    0.0
                ],
                "rotation": [
                    0.0,
                    1.806999921798706,
                    0.0
                ],
                "scale": [
                    1.0,
                    1.0,
                    1.0
                ]
            },
            "mesh": {
                "fileName": "Swat.dae",
                "friendlyName": "Swat",
                "bIsWireframe": false,
                "bDoNotLight": false,
                "bIsVisible": true,
                "bUseDebugColours": false,
                "wholeObjectDebugColourRGBA": [
                    1.0,
                    1.0,
                    1.0,
                    1.0
                ],
                "color": [
                    1.0,
                    1.0,
                    1.0,
                    1.0
                ],
                "isSkyBox": false,
                "hasVertexColors": false,
                "isReflective": false,
                "useBone": true,
                "texture": [
                    "Beholder_Base_color.bmp",
                    "",
                    "",
                    ""
                ],
                "textureRatio": [
                    1.0,
                    1.0,
                    1.0,
                    1.0
                ],
                "maskTexture": "",
                "normalMap": "",
                "enableShadow": true,
                "isDynamicLOD": false
            },
            "characterController": {
                "height": 129.5,
                "radius": 31.200000762939453,
                "position": [
                    0.0,
                    86.69999694824219,
                    0.0
                ]
            },
            "children": []
        },
        {
            "name": "Ground",
            "loadAsync": true,
            "transform": {
                "position": [
                    0.0,
                    0.0,
                    0.0
                ],
                "rotation": [
                    0.0,
                    -0.0,
                    0.0
                ],
                "scale": [
                    7300.4921875,
                    1.0,
                    13860.24609375
                ]
            },
            "mesh": {
                "fileName": "Cube_1x1x1_xyz_n_rgba.ply",
                "friendlyName": "Cube_1x1x1_xyz_n_rgba.ply",
                "bIsWireframe": false,
                "bDoNotLight": false,
                "bIsVisible": true,
                "bUseDebugColours": false,
                "wholeObjectDebugColourRGBA": [
                    1.0,
                    1.0,
                    1.0,
                    1.0
                ],
                "color": [
                    1.0,
                    1.0,
                    1.0,
                    1.0
                ],
                "isSkyBox": false,
                "hasVertexColors": false,
                "isReflective": false,
                "useBone": false,
                "texture": [
                    "203536.png",
                    "",
                    "",
                    ""
                ],
                "textureRatio": [
                    1.0,
                    1.0,
                    1.0,
                    1.0
                ],
                "maskTexture": "",
                "normalMap": "",
                "enableShadow": false,
                "isDynamicLOD": false
            },
            "physXObj": {
                "type": 1,
                "halfExtents": [
                    3650.5458984375,
                    0.5,
                    6930.123046875
                ],
                "isDynamic": false,
                "isTrigger": false
            },
            "children": []
        },
        {
            "name": "SkyBox",
            "loadAsync": true,
            "transform": {
                "position": [
                    0.0,
                    0.0,
                    0.0
                ],
                "rotation": [
                    0.0,
                    0.0,
                    0.0
                ],
                "scale": [
                    5000.0,
                    5000.0,
                    5000.0
                ]
            },
            "mesh": {
                "fileName": "Sphere_1_unit_Radius_UV.ply",